Workbook

Sheet 📅 Agenda Ejecutiva
A1: AGENDA EJECUTIVA Y ROADMAP DE SPRINTS | PROYECTO TEMIS
A2: Periodo Oficial: 16 de Enero de 2026 (Primer Commit) al 04 de Diciembre de 2026 (Entrega Final y Cierre de Proyecto)
A4: Sprint | B4: Periodo | C4: Objetivo Estratégico | D4: Módulos Clave | E4: Hito / Entregable Principal | F4: Estado | G4: Story Points
A5: Sprint 01 | B5: 16 Ene 2026 - 28 Feb 2026 | C5: Arquitectura Base & Persistencia Windows Desktop | D5: Core / DB / Sync | E5: Base de datos compartida SQLite + Sync Google Drive | F5: Completed | G5: 34
A6: Sprint 02 | B6: 01 Mar 2026 - 30 Abr 2026 | C6: Gobernanza de Proyectos & Metodología 7 Fases | D6: Gobernanza / Actas | E6: Modelado de Fases 1 a 7, Daily Logs, Roles y Entregables | F6: Completed | G6: 42
A7: Sprint 03 | B7: 01 May 2026 - 30 Jun 2026 | C7: Motor de Diagramación Inicial Desktop & Pruebas | D7: Canvas Desktop | E7: Lienzo de dibujo de procesos y exportación inicial | F7: Completed | G7: 38
A8: Sprint 04 | B8: 01 Jul 2026 - 26 Ago 2026 | C8: Desacoplamiento Arquitectónico & Preparación API | D8: FastAPI / Backend | E8: Diseño de API REST FastAPI y modelos Pydantic | F8: Completed | G8: 30
A9: Sprint 05 | B9: 27 Ago 2026 - 31 Ago 2026 | C9: 🔥 HITO CLAVE: Reestructuración Desktop ➔ Web SaaS Cloud | D9: Reflex / Render / Parser | E9: Migración a Reflex Full-Stack, PostgreSQL 18, Parser Nativo Lucidchart | F9: Completed | G9: 65
A10: Sprint 06 | B10: 01 Sep 2026 - 15 Sep 2026 | C10: Reingeniería UI/UX Pro & Auditoría IA de Procesos | D10: UI/UX / Gemini AI | E10: Header 50px, Dock izquierdo, Inspector derecho, Auditor Gemini AI | F10: Completed | G10: 45
A11: Sprint 07 | B11: 16 Sep 2026 - 30 Sep 2026 | C11: 🔥 HITO ESTRATÉGICO: Introducción TEMIS Media Studio (Desktop) + Ingesta Web & Plantillas Maestras | D11: Media Studio / Ingesta ZIP / SIPOC / Plantilla Word Oficial | E11: Lanzamiento de TEMIS Media Studio (Whisper + Keyframes HD), Ingesta ZIP, Exportador Excel Oficial y Plantilla Maestra Word SAR 90 días | F11: Completed | G11: 65
A12: Sprint 08 | B12: 01 Oct 2026 - 31 Oct 2026 | C12: 🔥 HITO DE ARQUITECTURA: Desacoplamiento de Gobernanza a AppSheet & Enfoque Motor Documental TEMIS | D12: AppSheet Link / Ficha Técnica / SIPOC / BPMN / DOCX / Auditor IA | E12: Desacoplamiento a AppSheet, Reenfoque a 4 Vistas Técnicas, Auditor IA 0-100 pts técnico, UAT en vivo y auto-layout | F12: In Progress | G12: 44
A13: Sprint 09 | B13: 01 Nov 2026 - 20 Nov 2026 | C13: Respaldo en Unidad Compartida Google Drive & Seguridad | D13: Drive SA / Seguridad | E13: Backup automático en Drive con Service Account y seguridad RBAC | F13: Planned | G13: 25
A14: Sprint 10 | B14: 21 Nov 2026 - 04 Dic 2026 | C14: QA Integral, Pruebas de Carga & Entrega Final | D14: QA / Producción / Docs | E14: Pruebas de estrés (+2,000 nodos), manuales y Cierre de Proyecto | F14: Planned | G14: 20

Sheet Backlog Scrum Técnico TEMIS
A1: Backlog item ID | B1: Module (Reflex/FastAPI/Parser/DB/IA/Gobernanza) | C1: Type of Backlog Item | D1: User Story | E1: Task | F1: Task sequence | G1: Technical Description | H1: Priority | I1: Story points | J1: Estimation (horas) | K1: Fecha Inicio | L1: Fecha Fin | M1: Sprint | N1: Status | O1: Assigned to | P1: Criterios de Aceptación / Entregables | Q1: Referencia Técnica / Commits
A2: 1 | B2: Core / DB Compartida | C2: Architecture | D2: Como equipo técnico, quiero un sistema de base de datos compartida para colaboración multi-usuario. | E2: 1. Implementar SQLite compartida. 2. Conectar sincronización Google Drive. 3. Crear backups automáticos cada 5 min. 4. Diseñar UI de configuración. | F2: TBD | G2: Arquitectura de base de datos relacional compartida con respaldo automático en la nube para trabajo colaborativo. | H2: Alta | I2: 8 | J2: 40 | K2: 46038 | L2: 46053 | M2: Sprint 01 | N2: Completed | O2: Área Técnica Innovación | P2: • Base de datos SQLite compartida funcional. • Sincronización cada 5 min activa. • Panel de configuración integrado. | Q2: Commit 4c0e337
A3: 2 | B3: Core / Seguridad | C3: User Story | D3: Como administrador, quiero gestionar usuarios, roles y permisos de acceso en TEMIS. | E3: 1. Definir modelo de Usuarios y Roles. 2. Crear autenticación segura. 3. Asignar permisos por grupo de trabajo. | F3: TBD | G3: Sistema de autenticación y autorización basado en roles (RBAC) para el gobierno de proyectos. | H3: Alta | I3: 5 | J3: 25 | K3: 46054 | L3: 46068 | M3: Sprint 01 | N3: Completed | O3: Área Técnica Innovación | P3: • Modelos User y ProjectRoles creados. • Control de accesos implementado. | Q3: Core RBAC
A4: 3 | B4: Gobernanza / Proyectos | C4: User Story | D4: Como líder de proyecto, quiero estructurar proyectos con hitos y entregables. | E4: 1. Crear modelo Project y Phase. 2. Diseñar formularios de proyectos. 3. Vincular entregables por fase. | F4: TBD | G4: Gestión integral de proyectos y entregables con ciclo de vida por fases. | H4: Alta | I4: 8 | J4: 35 | K4: 46069 | L4: 46081 | M4: Sprint 01 | N4: Completed | O4: Área Técnica Innovación | P4: • Modelo Project y Deliverable integrados. • Vistas de proyectos funcionales. | Q4: Core Projects
A5: 4 | B5: Gobernanza / 7 Fases | C5: Epic | D5: Como PMO, quiero un marco metodológico estandarizado de 7 fases corporativas. | E5: 1. Configurar fases: Diagnóstico, Inicio, Planificación, Ejecución, Monitoreo, Mejora, Cierre. 2. Crear reglas de transición entre fases. 3. Integrar validaciones de avance. | F5: TBD | G5: Implementación del framework metodológico de 7 fases de gobernanza corporativa para proyectos institucionales. | H5: Alta | I5: 13 | J5: 60 | K5: 46082 | L5: 46112 | M5: Sprint 02 | N5: Completed | O5: Área Técnica Innovación | P5: • 7 Fases de gobernanza creadas en DB. • Reglas de transición validadas. • Menú selector de fases en UI. | Q5: Model Phase / Router phases
A6: 5 | B6: Gobernanza / Daily Logs | C6: User Story | D6: Como PM, quiero registrar bitácoras diarias (Daily Logs) y cierres de jornada (EOD). | E6: 1. Crear modelo DailyLog. 2. Crear router /api/daily-log y /api/eod. 3. Integrar cálculo de avances y bloqueos. | F6: TBD | G6: Módulo de trazabilidad diaria y reportes EOD para supervisión de hitos y resolución de bloqueos. | H6: Media | I6: 5 | J6: 30 | K6: 46113 | L6: 46142 | M6: Sprint 02 | N6: Completed | O6: Área Técnica Innovación | P6: • Bitácoras diarias operativas. • Endpoints EOD funcionales. | Q6: Router daily_log / eod
A7: 6 | B7: Canvas Desktop / Simbología | C7: User Story | D7: Como analista de procesos, quiero modelar flujos de trabajo con simbología oficial. | E7: 1. Diseñar lienzo básico de dibujo. 2. Crear catálogo de símbolos oficiales. 3. Validar exportación de diagramas. | F7: TBD | G7: Primer motor de dibujo de procesos de escritorio para validación preliminar de simbología. | H7: Media | I7: 8 | J7: 45 | K7: 46143 | L7: 46203 | M7: Sprint 03 | N7: Completed | O7: Área Técnica Innovación | P7: • Catálogo de figuras oficiales probado. • Guardado local de flujos validado. | Q7: Desktop Canvas v1.0
A8: 7 | B8: FastAPI / Backend REST | C8: Architecture | D8: Como desarrollador, quiero desacoplar el motor de datos en una API REST FastAPI. | E8: 1. Crear backend modular en FastAPI. 2. Definir routers: projects, diagrams, auth, phases, members, shared_db. 3. Habilitar CORS y soporte UTF-8 en Windows. | F8: TBD | G8: Construcción de la capa de microservicios FastAPI (temis-backend) lista para despliegue en la nube. | H8: Alta | I8: 8 | J8: 50 | K8: 46204 | L8: 46260 | M8: Sprint 04 | N8: Completed | O8: Área Técnica Innovación | P8: • FastAPI server corriendo en puerto 8000. • Routers modulares e inyección de DB. | Q8: FastAPI Backend Core
A9: 8 | B9: Reflex Web SaaS Cloud | C9: Epic / HITO | D9: Como usuario, quiero acceder a TEMIS desde el navegador web con renderizado reactivo y sin instalar aplicaciones locales. | E9: 1. Reestructurar el proyecto de Windows Desktop a Web App con Reflex Python. 2. Crear temis_web con layout responsivo. 3. Desplegar Blueprint en Render Cloud (temis-web-flow). 4. Conectar base de datos administrada PostgreSQL 18. | F9: TBD | G9: 🔥 HITO ARQUITECTÓNICO CLAVE: Transformación completa de aplicación de escritorio Windows a plataforma Web SaaS Full-Stack Cloud en Render con Reflex, FastAPI y PostgreSQL. | H9: Alta | I9: 21 | J9: 90 | K9: 46261 | L9: 46261 | M9: Sprint 05 | N9: Completed | O9: Área Técnica Innovación | P9: • Aplicación Web Reflex en línea (temis-web-flow.onrender.com). • Backend FastAPI en línea (temis-backend.onrender.com). • PostgreSQL 18 activo y sincronizado. | Q9: Commit fe136da, 4481522, 251c6e5, 66908f2
A10: 9 | B10: Parser Lucidchart Determinista | C10: User Story | D10: Como usuario, quiero importar diagramas CSV/JSON de Lucidchart de más de 1,500 nodos sin depender de alucinaciones de IA. | E10: 1. Construir parser nativo directo en Python (native_parser.py). 2. Detectar límites de página por registros Name == 'Page'. 3. Mapear 100% de conexiones entre columnas Id y Shape ID. 4. Separar 8 pestañas automáticas idénticas a Lucidchart. | F10: TBD | G10: Parser determinista de alto rendimiento que mapea 1,573 nodos y 640 conectores divididos en 8 pestañas exactas. | H10: Alta | I10: 13 | J10: 60 | K10: 46261 | L10: 46262 | M10: Sprint 05 | N10: Completed | O10: Área Técnica Innovación | P10: • 8 Pestañas originales extraídas (Bloques As Is y To Be, Proceso N2, etc.). • 640 conectores Bézier trazados al 100%. • 0 alucinaciones de IA. | Q10: Commit 9f31c2f, 2000758, 9e8da71, 7bcb6ac, 55e43d8
A11: 10 | B11: Lienzo SVG & Zoom Infinito | C11: User Story | D11: Como diseñador de procesos, quiero un lienzo interactivo con curvas Bézier y zoom de 30% a 300% sin márgenes blancos. | E11: 1. Implementar curvas SVG Bézier suaves con puntas de flecha azul. 2. Añadir transform: scale dinámico. 3. Eliminar márgenes blancos al alejar el zoom. 4. Fijo de barra de zoom flotante. | F11: TBD | G11: Lienzo vectorial responsivo de alta precisión con cálculo topológico y navegación fluida. | H11: Alta | I11: 8 | J11: 40 | K11: 46261 | L11: 46262 | M11: Sprint 05 | N11: Completed | O11: Área Técnica Innovación | P11: • Zoom de 30% a 300% responsivo. • Curvas Bézier suaves sin solapamientos. • Pestañas del proyecto navegables. | Q11: Commit 60c915e, 70a72ca, ecc76fb, 41b5d0a, d332d20
A12: 11 | B12: UI/UX Reingeniería Pro | C12: Epic | D12: Como usuario, quiero una interfaz moderna tipo suite (Lucidchart/Figma) con dock de formas e inspector contextual. | E12: 1. Unificar 3 cabeceras en 1 sola barra superior minimalista (50px). 2. Crear Dock Izquierdo de formas (BPMN, Sistemas, Canales). 3. Crear Inspector Contextual Derecho para edición sin modales. 4. Mover navegación de pestañas y zoom a la barra inferior. | F12: TBD | G12: Reingeniería UI/UX integral para maximizar el espacio del lienzo (+25% área útil) y ofrecer ergonomía tipo suite profesional. | H12: Alta | I12: 13 | J12: 55 | K12: 46266 | L12: 46275 | M12: Sprint 06 | N12: Completed | O12: Área Técnica Innovación | P12: • Header 50px con menú Archivo y IA. • Dock izquierdo de simbología operativo. • Inspector derecho contextual funcional. • Barra inferior con pestañas y zoom. | Q12: Commit 9805816, 2f8a70d
A13: 12 | B13: Conexión Interactiva de Nodos | C13: User Story | D13: Como usuario, quiero conectar casillas interactivamente desde la pantalla asignando etiquetas de decisión. | E13: 1. Crear diálogo interactivo Conectar Nodos. 2. Selector de nodo destino y etiqueta (Sí, No, Válido). 3. Ruteo perimetral exacto Este-Oeste. 4. Eliminación directa de conectores. | F13: TBD | G13: Herramienta de conexión rápida entre casillas que calcula automáticamente el anclaje perimetral para evitar cruces de texto. | H13: Alta | I13: 8 | J13: 35 | K13: 46275 | L13: 46275 | M13: Sprint 06 | N13: Completed | O13: Área Técnica Innovación | P13: • Botón [🔗 Conectar Nodos] en inspector y canvas. • Líneas Bézier generadas al instante. • Anclaje Este ➔ Oeste exacto. | Q13: Commit 592127e, 7bc6e6a, 3e76b5d
A14: 13 | B14: Auditor de Procesos IA (Gemini) | C14: User Story | D14: Como auditor de calidad, quiero que una IA evalúe la integridad de los diagramas y detecte decisiones incompletas o riesgos. | E14: 1. Crear motor de auditoría estructural y gobernanza. 2. Validar salidas obligatorias de decisiones (Sí/No). 3. Verificar asignación de sistemas (Chronos) y canales (WhatsApp). 4. Mostrar reporte con Puntaje de Calidad (0-100) y recomendaciones. | F14: TBD | G14: Agente inteligente de gobierno que analiza la pestaña activa, califica el cumplimiento metodológico y sugiere correcciones con 1 clic. | H14: Alta | I14: 8 | J14: 35 | K14: 46275 | L14: 46275 | M14: Sprint 06 | N14: Completed | O14: Área Técnica Innovación | P14: • Botón [🛡️ Auditar con IA] en header. • Calificación de 0 a 100 en tiempo real. • Recomendaciones de gobierno estructuradas. | Q14: Commit 592127e
A15: 14 | B15: Exportador Gráfico PNG/PDF Pro | C15: User Story | D15: Como PM, quiero exportar la pestaña activa en imagen PNG de alta resolución o PDF vectorial para presentaciones. | E15: 1. Integrar renderizado cliente a PNG (html2canvas / svg-to-png). 2. Crear exportador a PDF vectorial con encabezados corporativos. 3. Añadir botón en menú Archivo ▾. | F15: TBD | G15: Módulo de exportación visual de alta definición listo para informes ejecutivos y entregables de gobernanza. | H15: Media | I15: 5 | J15: 25 | K15: 46281 | L15: 2026-09-30 00:00:00 | M15: Sprint 07 | N15: Completed | O15: Área Técnica Innovación | P15: • Exportación a PNG 300 DPI. • Exportación a PDF con membrete oficial. | Q15: Sprint 07 Deliverable
A16: 15 | B16: Auto-Guardado PostgreSQL Cloud | C16: User Story | D16: Como usuario, quiero que mis cambios se sincronicen automáticamente en la base de datos sin temor a perder información. | E16: 1. Implementar debounced auto-save (2 seg tras edición). 2. Sincronizar nodos y aristas con PostgreSQL en Render. 3. Badge en tiempo real [✓ Cambios Guardados]. | F16: TBD | G16: Persistencia continua en PostgreSQL administrado en Render con confirmación visual de guardado. | H16: Alta | I16: 5 | J16: 25 | K16: 46281 | L16: 2026-09-30 00:00:00 | M16: Sprint 07 | N16: Completed | O16: Área Técnica Innovación | P16: • Auto-guardado en segundo plano activo. • Estado de sincronización en header. | Q16: Sprint 07 Deliverable
A17: 16 | B17: Auto-Layout de Swimlanes | C17: User Story | D17: Como analista, quiero que los carriles (swimlanes) se organicen y ajusten automáticamente según los actores del flujo. | E17: 1. Detección automática de actores en nodos. 2. Generación dinámica de columnas de carriles. 3. Auto-alineación vertical de casillas. | F17: TBD | G17: Algoritmo de distribución y alineación automática de carriles operativos para diagramas complejos. | H17: Media | I17: 8 | J17: 35 | K17: 46296 | L17: 46326 | M17: Sprint 08 | N17: Planned | O17: Área Técnica Innovación | P17: • Carriles ajustados automáticamente. • Layout limpio por actor y sistema. | Q17: Sprint 08 Deliverable
A18: 17 | B18: Respaldo Unidad Compartida Google Drive | C18: User Story | D18: Como oficial de seguridad, quiero respaldos automáticos de proyectos en una Unidad Compartida de Google Drive mediante Service Account. | E18: 1. Integrar Google Drive API v3 con supportsAllDrives=True. 2. Conectar Service Account (maxibot-sa). 3. Exportar paquetes versionados .temis.json a carpetas de Drive. | F18: TBD | G18: Respaldo y versionado documental corporativo en Google Workspace Shared Drive sin intervención manual. | H18: Alta | I18: 8 | J18: 30 | K18: 46327 | L18: 46346 | M18: Sprint 09 | N18: Planned | O18: Área Técnica Innovación | P18: • Service Account conectada a Unidad Compartida. • Respaldo automático de proyectos .temis.json. | Q18: Sprint 09 Deliverable
A19: 18 | B19: QA Integral, Carga & Cierre de Proyecto | C19: Epic / ENTREGA FINAL | D19: Como patrocinador del proyecto, quiero certificar el rendimiento, seguridad y manuales de TEMIS para la entrega final formal. | E19: 1. Pruebas de carga con diagramas de más de 2,000 nodos. 2. Pruebas de seguridad y auditoría de accesos. 3. Elaboración de Manual de Usuario y Manual Técnico. 4. Acta de Cierre de Proyecto (Fase 7 de Gobernanza). | F19: TBD | G19: Cierre formal del proyecto TEMIS: certificación de calidad, entrega de documentación y pase a operación definitiva. | H19: Alta | I19: 8 | J19: 35 | K19: 46347 | L19: 46360 | M19: Sprint 10 | N19: Planned | O19: Área Técnica Innovación | P19: • Certificación de pruebas de estrés exitosa. • Manuales de usuario y técnicos entregados. • Acta de Cierre de Proyecto firmada (04 Dic 2026). | Q19: Sprint 10 Final Release
A20: 19 | B20: 🔥 Media Studio Desktop / Whisper & Keyframes | C20: Epic / HITO GRANDE | D20: Como analista de procesos, quiero una suite de escritorio (TEMIS Media Studio) para transcribir grabaciones de entrevistas offline con Whisper y extraer capturas de pantalla HD automáticamente. | E20: 1. Implementar motor Whisper local con faster-whisper. 2. Crear extractor inteligente de fotogramas clave por cambio de escena/sistema. 3. Empaquetar proyecto en archivo .zip con manifiesto .temis.json, subtítulos .vtt y capturas/ sin saturar la red. | F20: TBD | G20: Suite de escritorio offline en Python/FFmpeg para procesamiento multimedia local, transcripción sincronizada y captura de evidencias de alta resolución. | H20: Alta | I20: 15 | J20: 75 | K20: 2026-09-16 00:00:00 | L20: 2026-09-24 00:00:00 | M20: Sprint 07 | N20: Completed | O20: Equipo Técnico TEMIS | P20: Suite ejecutable Windows offline, transcripción sin consumo de tokens y exportación de paquetes .zip con imágenes HD listas para web. | Q20: 2e80a295, 9b64dc3a
A21: 20 | B21: Ingesta ZIP & Galería Keyframes Web | C21: User Story | D21: Como usuario de TEMIS Web, quiero subir el paquete .zip de Media Studio para que el sistema indexe la transcripción y muestre la galería de capturas de pantalla de evidencias. | E21: 1. Crear parser de paquetes .zip en backend. 2. Implementar visor/galería de capturas de pantalla Base64 en frontend Reflex. 3. Habilitar drag-and-drop y progress spinner. | F21: TBD | G21: Servicio de descompresión e indexación en memoria de paquetes .zip con extracción de 500+ bloques de diálogo y galería de imágenes en Base64. | H21: Alta | I21: 8 | J21: 40 | K21: 2026-09-20 00:00:00 | L21: 2026-09-26 00:00:00 | M21: Sprint 07 | N21: Completed | O21: Equipo Técnico TEMIS | P21: Ingesta fluida de ZIP con 500+ bloques y renderizado reactivo de capturas HD en tiempo real. | Q21: 5061bb4a, da66633c, aa4e6bbb
A22: 21 | B22: Plantilla Maestra Word Oficial (.docx) | C22: User Story | D22: Como Jefa de Procesos, quiero que TEMIS genere el Manual de Procedimientos oficial en Word (.docx) cumpliendo al 100% la plantilla maestra corporativa con 4 tablas y evidencias visuales incrustadas. | E22: 1. Implementar motor de población sobre Plantilla_Maestra_Oficial_Work_Instructions_TEMIS.docx. 2. Mapear las 4 tablas (Overview, Legal, Actividades, Firmas) con colores institucionales (#0047C7, #98D801, #E2EFD9, #E2E2E2). 3. Incrustar capturas HD en la columna Record Control. | F22: TBD | G22: Motor de plantillas dinámico en python-docx con clonación XML de filas de actividad, tipografía Poppins 9pt e incrustación de capturas de pantalla de sistemas en Record Control. | H22: Alta | I22: 13 | J22: 65 | K22: 2026-09-22 00:00:00 | L22: 2026-09-29 00:00:00 | M22: Sprint 07 | N22: Completed | O22: Equipo Técnico TEMIS | P22: Descarga de DOCX oficial idéntico al estándar SAR 90 días con imágenes HD incrustadas, paleta oficial y firmas de aprobación. | Q22: fc7c0eff, 1fcd3fde
A23: 22 | B23: Exportador Excel SIPOC Oficial | C23: User Story | D23: Como analista de procesos, quiero exportar la Matriz SIPOC a un archivo Excel idéntico a Plantilla Matriz Sipoc.xlsx con tipografía Century Gothic y 11 columnas B-K. | E23: 1. Crear servicio sipoc_exporter.py con formato estandarizado. 2. Configurar estructura 1.0..N, cintillo de Requisitos del Cliente y paleta oficial. 3. Añadir botón de descarga directa en UI. | F23: TBD | G23: Servicio de exportación en openpyxl que genera matrices SIPOC con diseño corporativo estandarizado (11 columnas pareadas B-K, numeración 1.0 a N y estilos institucionales). | H23: Media | I23: 5 | J23: 25 | K23: 2026-09-25 00:00:00 | L23: 2026-09-29 00:00:00 | M23: Sprint 07 | N23: Completed | O23: Equipo Técnico TEMIS | P23: Archivo .xlsx generado idéntico a Plantilla Matriz Sipoc.xlsx listo para entrega a clientes y directores. | Q23: fc7c0eff
A24: 23 | B24: Ingesta Multi-Documento & IA Gemini 2.5 | C24: User Story | D24: Como analista, quiero cargar múltiples documentos (entrevista + anexos) para que Gemini 2.5 enriquezca incrementalmente el proceso con citas y puntos de aclaración. | E24: 1. Implementar narrative_ai_extractor.py con fusión incremental. 2. Detectar puntos pendientes de aclaración con cliente. 3. Soportar transcripciones masivas con Gemini File API. | F24: TBD | G24: Motor de enriquecimiento cognitivo con Gemini 2.5 Flash, trazabilidad de citas por párrafo de origen y generación de matriz dual AS-IS / TO-BE. | H24: Alta | I24: 8 | J24: 40 | K24: 2026-09-24 00:00:00 | L24: 2026-09-30 00:00:00 | M24: Sprint 07 | N24: Completed | O24: Equipo Técnico TEMIS | P24: Fusión de documentos base + anexos sin duplicar pasos, detección de aclaraciones y generación de dual SIPOC/BPMN. | Q24: 7229b48e, 3d0d6ded, 92be41e7
A25: 24 | B25: Pruebas de Usuario (UAT) & Validación | C25: User Story | D25: Como equipo de procesos y Jefa de Área, queremos realizar sesiones de prueba en vivo (UAT) del flujo completo (Entrevista -> SIPOC -> Flujo -> Word) para validar usabilidad y rendimiento. | E25: 1. Ejecutar pruebas con casos de negocio reales (ej. SAR 90 días). 2. Validar edición manual en cada fase del pipeline. 3. Recopilar observaciones y mejoras de interfaz. | F25: TBD | G25: Protocolo de pruebas de aceptación de usuario (UAT) en entorno productivo Web Cloud con casos reales y medición de tiempos de procesamiento. | H25: Alta | I25: 13 | J25: 60 | K25: 2026-10-01 00:00:00 | L25: 2026-10-18 00:00:00 | M25: Sprint 08 | N25: In Progress | O25: Jefa de Procesos & Equipo Técnico | P25: Aprobación formal de las 4 fases de levantamiento, cero errores bloqueantes y checklist de mejoras aprobado. | Q25: UAT-2026-OCT
A26: 25 | B26: Sincronización Bidireccional & Auto-Layout | C26: User Story | D26: Como diseñador de procesos, quiero optimizaciones en el auto-layout de carriles (swimlanes) y sincronización fluida entre la tabla SIPOC y el lienzo BPMN. | E26: 1. Afinar algoritmo de posicionamiento de nodos en swimlanes. 2. Mejorar edición reactiva de compuertas de decisión. 3. Implementar feedback de guardado instantáneo. | F26: TBD | G26: Algoritmo de diagramación automática de swimlanes con ordenamiento topológico y sincronización reactiva bidireccional entre estado SIPOC y lienzo. | H26: Media | I26: 10 | J26: 50 | K26: 2026-10-01 00:00:00 | L26: 2026-10-31 00:00:00 | M26: Sprint 08 | N26: In Progress | O26: Equipo Técnico TEMIS | P26: Lienzo BPMN con auto-acomodo de carriles y sincronización en tiempo real sin lag. | Q26: Sprint 08 Dev
A27: 26 | B27: 🔥 Desacoplamiento Gobernanza ➔ AppSheet | C27: Epic / HITO ARQUITECTURA | D27: Como Director de Tecnología y PMO, quiero desacoplar el flujo de gobernanza corporativa (7 fases, diarios, aprobaciones) hacia Google AppSheet, para que TEMIS opere exclusivamente como Motor Especializado de Automatización Documental de Procesos. | E27: 1. Delegar intake, estatus y aprobaciones a AppSheet. 2. Integrar ID de Iniciativa AppSheet (external_governance_id) en Ficha Técnica. 3. Limpiar navegación y sidebar en Reflex hacia 4 módulos técnicos (Ficha, SIPOC, BPMN, Work Instructions). | F27: TBD | G27: Separación de responsabilidades arquitecturales: AppSheet como capa de gobernanza institucional y TEMIS Web como motor de modelado BPMN, SIPOC y generación DOCX oficial. | H27: Alta | I27: 13 | J27: 55 | K27: 2026-10-01 00:00:00 | L27: 2026-10-15 00:00:00 | M27: Sprint 08 | N27: Completed | O27: Equipo Técnico TEMIS | P27: • Navegación simplificada a 4 vistas técnicas (Ficha, SIPOC, BPMN, Work Instructions). • ID de Gobernanza AppSheet persistido en proyectos. • Cero dependencias circulares con tablas de gobernanza. | Q27: Plan Técnico Desacoplamiento v1.0
A28: 27 | B28: Reorientación Auditor IA Calidad Técnica (0-100) | C28: User Story | D28: Como analista y Jefa de Procesos, quiero que el Auditor IA evalúe la completitud y consistencia técnica de la documentación (nodos BPMN, sistemas/canales, consistencia SIPOC y capturas HD) sin penalizaciones por gobernanza externa. | E28: 1. Rediseñar rúbrica 0-100 pts con 4 pilares técnicos. 2. Ajustar prompt de auditoría en backend. 3. Actualizar interfaz modal en Reflex con feedback positivo y métricas de calidad documental. | F28: TBD | G28: Motor de auditoría técnica con IA enfocado en consistencia SIPOC-BPMN, conectividad de flujos, asignación de sistemas y completitud de evidencias visuales. | H28: Alta | I28: 8 | J28: 35 | K28: 2026-10-02 00:00:00 | L28: 2026-10-10 00:00:00 | M28: Sprint 08 | N28: Completed | O28: Equipo Técnico TEMIS | P28: • Auditoría técnica 0-100 pts con desglose por pilar. • Sin penalizaciones por roles o fases de gobernanza. • Diagnóstico accionable en tiempo real. | Q28: audit_modal.py, state.py

Sheet 📊 Dashboard Ejecutivo
A1: DASHBOARD EJECUTIVO | AVANCE Y MÉTRICAS DEL PROYECTO TEMIS
A2: Monitoreo en tiempo real del Backlog Técnico Scrum, distribución por módulos y cumplimiento de Sprints (16 Ene 2026 - 04 Dic 2026)
A4: AVANCE POR ITEMS | E4: AVANCE POR HORAS | I4: AVANCE POR STORY POINTS | M4: TAREAS COMPLETADAS
A5: =COUNTIF('Backlog Scrum Técnico TEMIS'!N2:N50, "Completed")/COUNTA('Backlog Scrum Técnico TEMIS'!A2:A50) | E5: =SUMIF('Backlog Scrum Técnico TEMIS'!N2:N50, "Completed", 'Backlog Scrum Técnico TEMIS'!J2:J50)/SUM('Backlog Scrum Técnico TEMIS'!J2:J50) | I5: =SUMIF('Backlog Scrum Técnico TEMIS'!N2:N50, "Completed", 'Backlog Scrum Técnico TEMIS'!I2:I50)/SUM('Backlog Scrum Técnico TEMIS'!I2:I50) | M5: =COUNTIF('Backlog Scrum Técnico TEMIS'!N2:N50, "Completed")
A7: RESUMEN DE AVANCE POR MÓDULO ARQUITECTÓNICO | I7: ESTADO DE ENTREGAS POR SPRINT (ROADMAP 2026)
A9: Módulo Técnico | B9: Total Items | C9: Completados | D9: En Progreso | E9: Planificados | F9: Horas Estimadas | G9: % Avance
A10: Reflex Web SaaS Cloud | B10: =COUNTIF('Backlog Scrum Técnico TEMIS'!B2:B65, "*Reflex Web SaaS Cloud*") | C10: =COUNTIFS('Backlog Scrum Técnico TEMIS'!B2:B65, "*Reflex Web SaaS Cloud*", 'Backlog Scrum Técnico TEMIS'!N2:N65, "Completed") | D10: =COUNTIFS('Backlog Scrum Técnico TEMIS'!B2:B65, "*Reflex Web SaaS Cloud*", 'Backlog Scrum Técnico TEMIS'!N2:N65, "In Progress") | E10: =COUNTIFS('Backlog Scrum Técnico TEMIS'!B2:B65, "*Reflex Web SaaS Cloud*", 'Backlog Scrum Técnico TEMIS'!N2:N65, "Planned") | F10: =SUMIF('Backlog Scrum Técnico TEMIS'!B2:B65, "*Reflex Web SaaS Cloud*", 'Backlog Scrum Técnico TEMIS'!J2:J65) | G10: =IF(B10>0, C10/B10, 0) | I10: Sprint 01 | J10: Ene - Feb 2026 | K10: =COUNTIF('Backlog Scrum Técnico TEMIS'!M2:M65, "Sprint 01") | L10: =SUMIF('Backlog Scrum Técnico TEMIS'!M2:M65, "Sprint 01", 'Backlog Scrum Técnico TEMIS'!I2:I65) | M10: Completed | N10: =IF(K10>0, COUNTIFS('Backlog Scrum Técnico TEMIS'!M2:M65, "Sprint 01", 'Backlog Scrum Técnico TEMIS'!N2:N65, "Completed")/K10, 0)
A11: Parser Lucidchart Determinista | B11: =COUNTIF('Backlog Scrum Técnico TEMIS'!B2:B65, "*Parser Lucidchart Determinista*") | C11: =COUNTIFS('Backlog Scrum Técnico TEMIS'!B2:B65, "*Parser Lucidchart Determinista*", 'Backlog Scrum Técnico TEMIS'!N2:N65, "Completed") | D11: =COUNTIFS('Backlog Scrum Técnico TEMIS'!B2:B65, "*Parser Lucidchart Determinista*", 'Backlog Scrum Técnico TEMIS'!N2:N65, "In Progress") | E11: =COUNTIFS('Backlog Scrum Técnico TEMIS'!B2:B65, "*Parser Lucidchart Determinista*", 'Backlog Scrum Técnico TEMIS'!N2:N65, "Planned") | F11: =SUMIF('Backlog Scrum Técnico TEMIS'!B2:B65, "*Parser Lucidchart Determinista*", 'Backlog Scrum Técnico TEMIS'!J2:J65) | G11: =IF(B11>0, C11/B11, 0) | I11: Sprint 02 | J11: Mar - Abr 2026 | K11: =COUNTIF('Backlog Scrum Técnico TEMIS'!M2:M65, "Sprint 02") | L11: =SUMIF('Backlog Scrum Técnico TEMIS'!M2:M65, "Sprint 02", 'Backlog Scrum Técnico TEMIS'!I2:I65) | M11: Completed | N11: =IF(K11>0, COUNTIFS('Backlog Scrum Técnico TEMIS'!M2:M65, "Sprint 02", 'Backlog Scrum Técnico TEMIS'!N2:N65, "Completed")/K11, 0)
A12: UI/UX Reingeniería Pro | B12: =COUNTIF('Backlog Scrum Técnico TEMIS'!B2:B65, "*UI/UX Reingeniería Pro*") | C12: =COUNTIFS('Backlog Scrum Técnico TEMIS'!B2:B65, "*UI/UX Reingeniería Pro*", 'Backlog Scrum Técnico TEMIS'!N2:N65, "Completed") | D12: =COUNTIFS('Backlog Scrum Técnico TEMIS'!B2:B65, "*UI/UX Reingeniería Pro*", 'Backlog Scrum Técnico TEMIS'!N2:N65, "In Progress") | E12: =COUNTIFS('Backlog Scrum Técnico TEMIS'!B2:B65, "*UI/UX Reingeniería Pro*", 'Backlog Scrum Técnico TEMIS'!N2:N65, "Planned") | F12: =SUMIF('Backlog Scrum Técnico TEMIS'!B2:B65, "*UI/UX Reingeniería Pro*", 'Backlog Scrum Técnico TEMIS'!J2:J65) | G12: =IF(B12>0, C12/B12, 0) | I12: Sprint 03 | J12: May - Jun 2026 | K12: =COUNTIF('Backlog Scrum Técnico TEMIS'!M2:M65, "Sprint 03") | L12: =SUMIF('Backlog Scrum Técnico TEMIS'!M2:M65, "Sprint 03", 'Backlog Scrum Técnico TEMIS'!I2:I65) | M12: Completed | N12: =IF(K12>0, COUNTIFS('Backlog Scrum Técnico TEMIS'!M2:M65, "Sprint 03", 'Backlog Scrum Técnico TEMIS'!N2:N65, "Completed")/K12, 0)
A13: Conexión Interactiva & Bézier | B13: =COUNTIF('Backlog Scrum Técnico TEMIS'!B2:B65, "*Conexión Interactiva de Nodos*") | C13: =COUNTIFS('Backlog Scrum Técnico TEMIS'!B2:B65, "*Conexión Interactiva de Nodos*", 'Backlog Scrum Técnico TEMIS'!N2:N65, "Completed") | D13: =COUNTIFS('Backlog Scrum Técnico TEMIS'!B2:B65, "*Conexión Interactiva de Nodos*", 'Backlog Scrum Técnico TEMIS'!N2:N65, "In Progress") | E13: =COUNTIFS('Backlog Scrum Técnico TEMIS'!B2:B65, "*Conexión Interactiva de Nodos*", 'Backlog Scrum Técnico TEMIS'!N2:N65, "Planned") | F13: =SUMIF('Backlog Scrum Técnico TEMIS'!B2:B65, "*Conexión Interactiva de Nodos*", 'Backlog Scrum Técnico TEMIS'!J2:J65) | G13: =IF(B13>0, C13/B13, 0) | I13: Sprint 04 | J13: Jul - Ago 2026 | K13: =COUNTIF('Backlog Scrum Técnico TEMIS'!M2:M65, "Sprint 04") | L13: =SUMIF('Backlog Scrum Técnico TEMIS'!M2:M65, "Sprint 04", 'Backlog Scrum Técnico TEMIS'!I2:I65) | M13: Completed | N13: =IF(K13>0, COUNTIFS('Backlog Scrum Técnico TEMIS'!M2:M65, "Sprint 04", 'Backlog Scrum Técnico TEMIS'!N2:N65, "Completed")/K13, 0)
A14: Auditor de Procesos IA (Gemini) | B14: =COUNTIF('Backlog Scrum Técnico TEMIS'!B2:B65, "*Auditor de Procesos IA (Gemini)*") | C14: =COUNTIFS('Backlog Scrum Técnico TEMIS'!B2:B65, "*Auditor de Procesos IA (Gemini)*", 'Backlog Scrum Técnico TEMIS'!N2:N65, "Completed") | D14: =COUNTIFS('Backlog Scrum Técnico TEMIS'!B2:B65, "*Auditor de Procesos IA (Gemini)*", 'Backlog Scrum Técnico TEMIS'!N2:N65, "In Progress") | E14: =COUNTIFS('Backlog Scrum Técnico TEMIS'!B2:B65, "*Auditor de Procesos IA (Gemini)*", 'Backlog Scrum Técnico TEMIS'!N2:N65, "Planned") | F14: =SUMIF('Backlog Scrum Técnico TEMIS'!B2:B65, "*Auditor de Procesos IA (Gemini)*", 'Backlog Scrum Técnico TEMIS'!J2:J65) | G14: =IF(B14>0, C14/B14, 0) | I14: Sprint 05 (HITO WEB) | J14: Ago 2026 | K14: =COUNTIF('Backlog Scrum Técnico TEMIS'!M2:M65, "Sprint 05") | L14: =SUMIF('Backlog Scrum Técnico TEMIS'!M2:M65, "Sprint 05", 'Backlog Scrum Técnico TEMIS'!I2:I65) | M14: Completed | N14: =IF(K14>0, COUNTIFS('Backlog Scrum Técnico TEMIS'!M2:M65, "Sprint 05", 'Backlog Scrum Técnico TEMIS'!N2:N65, "Completed")/K14, 0)
A15: Gobernanza 7 Fases & Daily Logs | B15: =COUNTIF('Backlog Scrum Técnico TEMIS'!B2:B65, "*Gobernanza*") | C15: =COUNTIFS('Backlog Scrum Técnico TEMIS'!B2:B65, "*Gobernanza*", 'Backlog Scrum Técnico TEMIS'!N2:N65, "Completed") | D15: =COUNTIFS('Backlog Scrum Técnico TEMIS'!B2:B65, "*Gobernanza*", 'Backlog Scrum Técnico TEMIS'!N2:N65, "In Progress") | E15: =COUNTIFS('Backlog Scrum Técnico TEMIS'!B2:B65, "*Gobernanza*", 'Backlog Scrum Técnico TEMIS'!N2:N65, "Planned") | F15: =SUMIF('Backlog Scrum Técnico TEMIS'!B2:B65, "*Gobernanza*", 'Backlog Scrum Técnico TEMIS'!J2:J65) | G15: =IF(B15>0, C15/B15, 0) | I15: Sprint 06 (UI/UX + IA) | J15: Sep 2026 | K15: =COUNTIF('Backlog Scrum Técnico TEMIS'!M2:M65, "Sprint 06") | L15: =SUMIF('Backlog Scrum Técnico TEMIS'!M2:M65, "Sprint 06", 'Backlog Scrum Técnico TEMIS'!I2:I65) | M15: Completed | N15: =IF(K15>0, COUNTIFS('Backlog Scrum Técnico TEMIS'!M2:M65, "Sprint 06", 'Backlog Scrum Técnico TEMIS'!N2:N65, "Completed")/K15, 0)
A16: FastAPI Backend & PostgreSQL DB | B16: =COUNTIF('Backlog Scrum Técnico TEMIS'!B2:B65, "*FastAPI*") | C16: =COUNTIFS('Backlog Scrum Técnico TEMIS'!B2:B65, "*FastAPI*", 'Backlog Scrum Técnico TEMIS'!N2:N65, "Completed") | D16: =COUNTIFS('Backlog Scrum Técnico TEMIS'!B2:B65, "*FastAPI*", 'Backlog Scrum Técnico TEMIS'!N2:N65, "In Progress") | E16: =COUNTIFS('Backlog Scrum Técnico TEMIS'!B2:B65, "*FastAPI*", 'Backlog Scrum Técnico TEMIS'!N2:N65, "Planned") | F16: =SUMIF('Backlog Scrum Técnico TEMIS'!B2:B65, "*FastAPI*", 'Backlog Scrum Técnico TEMIS'!J2:J65) | G16: =IF(B16>0, C16/B16, 0) | I16: Sprint 07 | J16: Sep 2026 | K16: =COUNTIF('Backlog Scrum Técnico TEMIS'!M2:M65, "Sprint 07") | L16: =SUMIF('Backlog Scrum Técnico TEMIS'!M2:M65, "Sprint 07", 'Backlog Scrum Técnico TEMIS'!I2:I65) | M16: Completed | N16: =IF(K16>0, COUNTIFS('Backlog Scrum Técnico TEMIS'!M2:M65, "Sprint 07", 'Backlog Scrum Técnico TEMIS'!N2:N65, "Completed")/K16, 0)
A17: Exportación Gráfica & Drive Backup | B17: =COUNTIF('Backlog Scrum Técnico TEMIS'!B2:B65, "*Exportador*") | C17: =COUNTIFS('Backlog Scrum Técnico TEMIS'!B2:B65, "*Exportador*", 'Backlog Scrum Técnico TEMIS'!N2:N65, "Completed") | D17: =COUNTIFS('Backlog Scrum Técnico TEMIS'!B2:B65, "*Exportador*", 'Backlog Scrum Técnico TEMIS'!N2:N65, "In Progress") | E17: =COUNTIFS('Backlog Scrum Técnico TEMIS'!B2:B65, "*Exportador*", 'Backlog Scrum Técnico TEMIS'!N2:N65, "Planned") | F17: =SUMIF('Backlog Scrum Técnico TEMIS'!B2:B65, "*Exportador*", 'Backlog Scrum Técnico TEMIS'!J2:J65) | G17: =IF(B17>0, C17/B17, 0) | I17: Sprint 08 | J17: Oct 2026 | K17: =COUNTIF('Backlog Scrum Técnico TEMIS'!M2:M65, "Sprint 08") | L17: =SUMIF('Backlog Scrum Técnico TEMIS'!M2:M65, "Sprint 08", 'Backlog Scrum Técnico TEMIS'!I2:I65) | M17: In Progress | N17: =IF(K17>0, COUNTIFS('Backlog Scrum Técnico TEMIS'!M2:M65, "Sprint 08", 'Backlog Scrum Técnico TEMIS'!N2:N65, "Completed")/K17, 0)
I18: Sprint 09 | J18: Nov 2026 | K18: =COUNTIF('Backlog Scrum Técnico TEMIS'!M2:M65, "Sprint 09") | L18: =SUMIF('Backlog Scrum Técnico TEMIS'!M2:M65, "Sprint 09", 'Backlog Scrum Técnico TEMIS'!I2:I65) | M18: Planned | N18: =IF(K18>0, COUNTIFS('Backlog Scrum Técnico TEMIS'!M2:M65, "Sprint 09", 'Backlog Scrum Técnico TEMIS'!N2:N65, "Completed")/K18, 0)
I19: Sprint 10 (FINAL) | J19: Nov - Dic 2026 | K19: =COUNTIF('Backlog Scrum Técnico TEMIS'!M2:M65, "Sprint 10") | L19: =SUMIF('Backlog Scrum Técnico TEMIS'!M2:M65, "Sprint 10", 'Backlog Scrum Técnico TEMIS'!I2:I65) | M19: Planned | N19: =IF(K19>0, COUNTIFS('Backlog Scrum Técnico TEMIS'!M2:M65, "Sprint 10", 'Backlog Scrum Técnico TEMIS'!N2:N65, "Completed")/K19, 0)

Sheet Relacion Commits
A1: EVIDENCIA TÉCNICA | COMMITS VINCULADOS AL BACKLOG TEMIS
A3: Item ID | B3: Módulo Backlog | C3: Item / Requerimiento Backlog | D3: Sprint | E3: Commits Primarios | F3: Nivel Evidencia | G3: Commits Relacionados (SHAs)
A4: 1 | B4: Core / DB Compartida | C4: Sistema de base de datos compartida y sync Google Drive | D4: Sprint 01 | E4: 1 | F4: Alta | G4: 4c0e337
A5: 2 | B5: Core / Seguridad | C5: Gestión de usuarios, roles y autenticación RBAC | D5: Sprint 01 | E5: 1 | F5: Alta | G5: 4c0e337
A6: 3 | B6: Gobernanza / Proyectos | C6: Estructuración de proyectos, fases y entregables | D6: Sprint 01 | E6: 1 | F6: Alta | G6: 4c0e337
A7: 4 | B7: Gobernanza / 7 Fases | C7: Marco metodológico de 7 fases corporativas | D7: Sprint 02 | E7: 2 | F7: Alta | G7: 4c0e337, 0f6ee7f
A8: 5 | B8: Gobernanza / Daily Logs | C8: Bitácoras diarias y reportes de cierre de jornada EOD | D8: Sprint 02 | E8: 1 | F8: Alta | G8: 4c0e337
A9: 6 | B9: Canvas Desktop | C9: Lienzo de dibujo de procesos desktop preliminar | D9: Sprint 03 | E9: 1 | F9: Media | G9: 4c0e337
A10: 7 | B10: FastAPI / Backend REST | C10: Desacoplamiento modular en API REST FastAPI | D10: Sprint 04 | E10: 3 | F10: Alta | G10: fe136da, dafd346, 710128e
A11: 8 | B11: Reflex Web SaaS Cloud | C11: 🔥 HITO: Migración Desktop ➔ Web SaaS Full-Stack Cloud | D11: Sprint 05 | E11: 14 | F11: Alta (Crítico) | G11: fe136da, 4481522, 251c6e5, 66908f2, 7c255af, c067df3, 4c6afff, 9235c58, dafd346, 38bd2e0, 22a8bf2, c120d08, be0bc21, c53b6e6
A12: 9 | B12: Parser Lucidchart Determinista | C12: Parser CSV/JSON directo con detección de 8 pestañas exactas | D12: Sprint 05 | E12: 10 | F12: Alta (Crítico) | G12: 9f31c2f, 2000758, 9e8da71, 7bcb6ac, 41b5d0a, 5a73bec, 55e43d8, ce0b414, e5f1686, 584a7f7
A13: 10 | B13: Lienzo SVG & Zoom Infinito | C13: Lienzo vectorial responsivo, Bézier y zoom 30%-300% | D13: Sprint 05 | E13: 8 | F13: Alta | G13: ca5d399, 6137ed2, 60c915e, b833b55, 7292026, 39e3995, 70a72ca, 28240c5
A14: 11 | B14: UI/UX Reingeniería Pro | C14: Header 50px, Dock izquierdo, Inspector derecho y Barra inferior | D14: Sprint 06 | E14: 6 | F14: Alta | G14: 9805816, 2f8a70d, d332d20, 91f5bfe, c77d1ae, b1e0e00
A15: 12 | B15: Conexión Interactiva de Nodos | C15: Conector interactivo con ruteo perimetral Este-Oeste | D15: Sprint 06 | E15: 4 | F15: Alta | G15: 592127e, 7bc6e6a, 3e76b5d, 9805816
... A21: 18 | B21: QA Integral & Cierre Proyecto | C21: Certificación final, pruebas de carga y Acta de Cierre | D21: Sprint 10 | E21: 0 | F21: Planificado | G21: Planned
A22: 14 | B22: Exportador Gráfico PNG/PDF Pro | C22: Exportador vectorial PNG/PDF y pre-renderizado | D22: Sprint 07 | E22: 2 | F22: Alta | G22: 603d7945, 158f0ff4
A23: 15 | B23: Auto-Guardado PostgreSQL Cloud | C23: Sincronización cloud y mitigación de timeouts en Render | D23: Sprint 07 | E23: 3 | F23: Alta | G23: 237f7f7c, aa4e6bbb, 3590e8d9
A24: 19 | B24: 🔥 Media Studio Desktop / Whisper & Keyframes | C24: Suite de escritorio offline para extracción multimedia | D24: Sprint 07 | E24: 3 | F24: Crítica | G24: 2e80a295, 9b64dc3a, b348d651
A25: 20 | B25: Ingesta ZIP & Galería Keyframes Web | C25: Ingesta de paquetes ZIP con galería Base64 de capturas | D25: Sprint 07 | E25: 4 | F25: Alta | G25: 5061bb4a, da66633c, 012ff586, 88b86dd8
A26: 21 | B26: Plantilla Maestra Word Oficial (.docx) | C26: Manual oficial Word 4 tablas con capturas HD incrustadas | D26: Sprint 07 | E26: 3 | F26: Crítica | G26: fc7c0eff, 1fcd3fde, d785d2c8
A27: 22 | B27: Exportador Excel SIPOC Oficial | C27: Generador Excel idéntico a Plantilla Matriz Sipoc.xlsx | D27: Sprint 07 | E27: 2 | F27: Alta | G27: fc7c0eff, 1fcd3fde
A28: 23 | B28: Ingesta Multi-Documento & IA Gemini 2.5 | C28: Enriquecimiento cognitivo incremental con Gemini 2.5 | D28: Sprint 07 | E28: 3 | F28: Alta | G28: 7229b48e, 3d0d6ded, 92be41e7
A29: 24 | B29: Pruebas de Usuario (UAT) & Validación | C29: Sesiones de prueba en vivo con Jefa de Procesos | D29: Sprint 08 | E29: 1 | F29: Alta | G29: En Curso (Sprint 08)
A30: 25 | B30: Sincronización Bidireccional & Auto-Layout | C30: Optimización de swimlanes y sincronización reactiva | D30: Sprint 08 | E30: 1 | F30: Media | G30: En Curso (Sprint 08)
A31: 26 | B31: Desacoplamiento Gobernanza / AppSheet | C31: Desacoplamiento de gobernanza corporativa hacia AppSheet e integración external_governance_id | D31: Sprint 08 | E31: 1 | F31: Alta | G31: feat(architecture)
A32: 27 | B32: Auditor IA Calidad Técnica | C32: Reorientación de rúbrica 0-100 pts a consistencia técnica BPMN/SIPOC/Evidencias | D32: Sprint 08 | E32: 1 | F32: Alta | G32: feat(audit)

Sheet Historial Commits
A1: Commit Hash (SHA) | B1: Fecha y Hora | C1: Autor | D1: Mensaje de Commit | E1: Categoría / Módulo | F1: Sprint Relacionado | G1: Justificación Técnica y Entregables Realizados
A2: 7b49a12c | B2: 2026-10-02 14:30:00 -0600 | C2: Jose Antonio Hurtado Palestina | D2: feat(architecture): decouple corporate governance to AppSheet and re-scope TEMIS as Process Documentation Engine | E2: Arquitectura / Gobernanza AppSheet | F2: Sprint 08 - Oct 2026 | G2: Desacoplamiento de gobernanza corporativa hacia AppSheet, reorientación a 4 vistas técnicas (Ficha, SIPOC, BPMN, Work Instructions) y actualización del Auditor IA a calidad técnica (0-100 pts).
A3: 1fcd3fde | B3: 2026-09-29 16:44:13 -0600 | C3: Jose Antonio Hurtado Palestina | D3: feat(narrative): integrate official master DOCX template engine matching Plantilla_Maestra_Oficial_Work_Instructions_TEMIS | E3: Plantilla Maestra Word / Narrativa | F3: Sprint 07 - Sep 2026 | G3: Integración del motor de población sobre Plantilla_Maestra_Oficial_Work_Instructions_TEMIS.docx y 4 tablas oficiales.
A4: fc7c0eff | B4: 2026-09-29 14:45:49 -0600 | C4: Jose Antonio Hurtado Palestina | D4: feat(export): standardize official Word 4-table document to match SAR 90 dias and Excel SIPOC template | E4: Plantilla Maestra Word / Narrativa | F4: Sprint 07 - Sep 2026 | G4: Integración del motor de población sobre Plantilla_Maestra_Oficial_Work_Instructions_TEMIS.docx y 4 tablas oficiales.
A5: 6a9f6bdc | B5: 2026-09-28 19:13:02 -0600 | C5: Jose Antonio Hurtado Palestina | D5: fix(cascade): blindar VerificadorEstatus y agregar safety guard en AgenteComunicador contra desvios a GChat | E5: Frontend / UI | F5: Sprint 07 - Sep 2026 | G5: fix(cascade): blindar VerificadorEstatus y agregar safety guard en AgenteComunicador contra desvios a GChat
A6: d785d2c8 | B6: 2026-09-25 07:55:43 -0600 | C6: Jose Antonio Hurtado Palestina | D6: fix(state): map charter scope to scope_in and declare private cached narrative state variables | E6: Plantilla Maestra Word / Narrativa | F6: Sprint 07 - Sep 2026 | G6: Integración del motor de población sobre Plantilla_Maestra_Oficial_Work_Instructions_TEMIS.docx y 4 tablas oficiales.
A7: 237f7f7c | B7: 2026-09-25 07:36:53 -0600 | C7: Jose Antonio Hurtado Palestina | D7: fix(deploy): use python -m backend.main to bind PORT in Render for temis-backend | E7: DevOps / Despliegue Cloud | F7: Sprint 07 - Sep 2026 | G7: Optimización de servidor de producción ASGI, configuración de endpoints de upload y resolución de timeouts en Render.
A8: aa4e6bbb | B8: 2026-09-24 21:52:23 -0600 | C8: Jose Antonio Hurtado Palestina | D8: fix(prod_server): register reflex /_upload endpoints and set Upload.is_used for production server | E8: Ingesta ZIP / Galería Evidencias | F8: Sprint 07 - Sep 2026 | G8: Parser de paquetes .zip de Media Studio, visor reactivo de capturas Base64 y drag-and-drop en web.
A9: 3590e8d9 | B9: 2026-09-24 21:36:55 -0600 | C9: Jose Antonio Hurtado Palestina | D9: perf(core): add cache-first loading strategy to eliminate event loop lag on Drive calls | E9: Frontend / UI | F9: Sprint 07 - Sep 2026 | G9: perf(core): add cache-first loading strategy to eliminate event loop lag on Drive calls
A10: 012ff586 | B10: 2026-09-24 21:25:33 -0600 | C10: Jose Antonio Hurtado Palestina | D10: fix(upload): remove strict MIME accept filter to allow seamless Windows ZIP drag-and-drop | E10: Ingesta ZIP / Galería Evidencias | F10: Sprint 07 - Sep 2026 | G10: Parser de paquetes .zip de Media Studio, visor reactivo de capturas Base64 y drag-and-drop en web.
A11: 88b86dd8 | B11: 2026-09-24 21:20:44 -0600 | C11: Jose Antonio Hurtado Palestina | D11: fix(upload): add MIME type fallbacks and handler diagnostics for ZIP uploads | E11: Ingesta ZIP / Galería Evidencias | F11: Sprint 07 - Sep 2026 | G11: Parser de paquetes .zip de Media Studio, visor reactivo de capturas Base64 y drag-and-drop en web.
A12: b348d651 | B12: 2026-09-24 21:04:18 -0600 | C12: Jose Antonio Hurtado Palestina | D12: revert(studio): keep Temis Media Studio untouched per user instruction | E12: 🔥 HITO: TEMIS Media Studio Desktop | F12: Sprint 07 - Sep 2026 | G12: Suite de escritorio offline para extracción multimedia, transcripción local Whisper y captura de fotogramas clave HD.
... A52: 8a76d8ef | B52: 2026-09-22 12:44:54 -0600 | C52: Jose Antonio Hurtado Palestina | D52: fix(db): ignore deleted postgres host and fallback safely to SQLite for Google Drive persistence | E52: Google Drive / Persistencia | F52: Sprint 07 - Sep 2026 | G52: Respaldo automático en Google Workspace Shared Drive con Service Account institucional.
